001311|311000| |||||151592125.00
001315|315001| |||||350000.00
001324|324004| |||||22000.00
001329|329001| |||||80000.00
001329|329002| |||||120000.00
001329|329003| |||||350000.00
001329|329004| |||||350000.00
001329|329004|10647|||||1530000.00
001329|329005| |||||190000.00
001329|329007| |||||8000.00
001329|329009| |||||750000.00
001334|334200| |||||0.00
001334|334700|10029|||||0.00
001335|335120| |||||25000.00
001335|335121| |||||3726334.00
001335|335130| |||||40000.00
001335|335140| |||||40000.00
001335|335150| |||||80000.00
001335|335160| |||||112000.00
001335|335180| |||||16768997.00
001335|335700| |||||100000.00
001336|336000| |||||100000.00
001341|341160| |||||185436.00
001341|341201| |||||1200000.00
001341|341202| |||||120000.00
001341|341203| |||||250000.00
001341|341204| |||||0.00
001341|341205| |||||2200000.00
001341|341302| |||||2500.00
001342|342900| |||||150000.00
001342|342902| |||||15000.00
001342|342903| |||||0.00
001347|347100| |||||18000.00
001347|347200| |||||135000.00
001347|347201| |||||550000.00
001347|347202| |||||430000.00
001347|347203| |||||330000.00
001347|347204| |||||10000.00
001347|347205| |||||295000.00
001347|347206| |||||135000.00
001347|347207| |||||0.00
001347|347208| |||||50000.00
001347|347209| |||||10000.00
001347|347210| |||||20000.00
001347|347211| |||||0.00
001348|348140| |||||20000.00
001348|348141| |||||20000.00
001348|348142| |||||20000.00
001348|348143| |||||20000.00
001348|348144| |||||150000.00
001348|348880| |||||215000.00
001354|354000| |||||2500.00
001354|354001| |||||25000.00
001354|354002| |||||10000.00
001354|354003| |||||190000.00
001361|361100| |||||1750000.00
001361|361105| |||||200000.00
001361|361106| |||||5000.00
001361|361111| |||||250000.00
001362|362000| |||||45000.00
001362|362001| |||||28200.00
001362|362002| |||||3000.00
001362|362003| |||||65000.00
001369|329004|10647|||||0.00
001369|369300| |||||10000.00
001369|369900| |||||100000.00
001369|369900|10732|||||68768.00
001369|369900|10760|||||186119.00
001369|369901| |||||4112604.00
001369|369903| |||||2244645.00
001381|381000| |||||2581997.00
001386|386200| |||||0.00
001386|386700| |||||4050600.00
001386|386800| |||||0.00
001386|386900| |||||0.00
001389|389000| |||||8047270.00
101312|312300| |||||800000.00
101312|312410| |||||4010212.00
101324|324002| |||||0.00
101335|335160| |||||112000.00
101335|335420| |||||500000.00
101335|335421| |||||1000000.00
101335|335422| |||||1750000.00
101335|335490| |||||3000.00
101343|343500| |||||85000.00
101361|361100| |||||1650000.00
101361|361106| |||||0.00
101364|364001| |||||776000.00
101369|369900| |||||100000.00
101381|381000| |||||15000000.00
101389|389000| |||||4881906.00
102343|343410| |||||43225.00
102361|361100| |||||0.00
102389|389000| |||||0.00
102389|389001| |||||0.00
103322|322000| |||||0.00
103329|329006| |||||0.00
103341|341302| |||||0.00
103361|361100| |||||0.00
103364|364001| |||||0.00
103369|369900| |||||0.00
103389|389000| |||||4000000.00
105311|311000| |||||1426937.00
105311|311001| |||||0.00
105336|336000| |||||0.00
105361|361100| |||||0.00
105389|389000| |||||0.00
106334|334610|10630|||||69588.00
106361|361100| |||||0.00
106364|364001| |||||0.00
107311|311000| |||||0.00
107311|311001| |||||0.00
107331|331200| |||||0.00
107334|334200| |||||0.00
107335|335210| |||||10000.00
107336|336000| |||||0.00
107337|337200| |||||1370000.00
107342|342300| |||||3500000.00
107342|342600| |||||3000000.00
107342|342901| |||||58972.00
107343|343410| |||||1400000.00
107346|346400| |||||18000.00
107359|359000| |||||60000.00
107361|361100| |||||1000000.00
107361|361108| |||||500000.00
107364|364001| |||||100000.00
107369|369300| |||||5000.00
107369|369900| |||||500000.00
107369|369901| |||||0.00
107381|381000| |||||98464256.00
107389|386600| |||||0.00
107389|389000| |||||4130000.00
109335|335221| |||||80000.00
109335|335222| |||||380000.00
110331|331500| |||||3057056.00
110361|361100| |||||0.00
111312|312120| |||||23529650.00
111312|312130| |||||11693600.00
111312|312150| |||||11693600.00
111312|312160| |||||11693600.00
111312|312170| |||||355500.00
111345|345900| |||||0.00
111345|345901| |||||0.00
111361|361100| |||||0.00
111361|361102| |||||0.00
111361|361103| |||||0.00
111369|369300| |||||0.00
111369|369900| |||||0.00
112312|312600| |||||40000000.00
112343|343400| |||||560000.00
112361|361100| |||||101564.00
112361|361107| |||||0.00
112365|365000| |||||40000.00
114369|369902| |||||600000.00
114389|389000| |||||0.00
115361|361100| |||||0.00
115369|369910| |||||100000.00
115389|389000| |||||200000.00
300361|361100| |||||0.00
300381|381000| |||||27617731.00
300389|389000| |||||0.00
503341|341208| |||||22331947.00
503341|341209| |||||500000.00
503341|341210| |||||50000.00
503341|381000| |||||0.00
503361|361100| |||||45000.00
503389|389000| |||||0.00
00101000|511000| |||||411860.00
00101000|512000| |||||476617.00
00101000|512000|01040|||||25285.00
00101000|512007| |||||220000.00
00101000|513000| |||||397541.00
00101000|521000| |||||60789.00
00101000|521000|01040|||||1934.00
00101000|522000| |||||249148.00
00101000|522000|01040|||||3379.00
00101000|523000| |||||1120000.00
00101000|523000|01040|||||6264.00
00101000|524000| |||||875.00
00101000|524000|01040|||||29.00
00101000|525000| |||||15000.00
00101000|530000| |||||100000.00
00101000|531000| |||||475000.00
00101000|531001| |||||0.00
00101000|531002| |||||0.00
00101000|531003| |||||21555.00
00101000|531004| |||||21554.00
00101000|532000| |||||310000.00
00101000|534000| |||||1995000.00
00101000|540000| |||||70000.00
00101000|541000| |||||175000.00
00101000|542000| |||||80000.00
00101000|544000| |||||165000.00
00101000|545000| |||||3700000.00
00101000|546000| |||||100000.00
00101000|548000| |||||20000.00
00101000|549000| |||||122600.00
00101000|551000| |||||2500.00
00101000|552000| |||||165000.00
00101000|552000|00001|||||25000.00
00101000|552000|00002|||||25000.00
00101000|552000|00003|||||25000.00
00101000|552000|00004|||||25000.00
00101000|552000|00005|||||25000.00
00101000|552000|10030|||||75000.00
00101000|554000| |||||145000.00
00101000|555000| |||||90000.00
00101000|563000| |||||75000.00
00101000|563000|10647|||||1530000.00
00101000|581000| |||||5000.00
00101001|599000| |||||400000.00
00101002|591000| |||||125621987.00
00101020|541000| |||||6000.00
00101020|546000| |||||2000.00
00101020|552000| |||||1000.00
00101030|510000| |||||4905230.00
00101030|530000| |||||1845945.00
00101030|560000| |||||120000.00
00101040|510000| |||||187097.00
00101040|512000| |||||25275.00
00101040|521000| |||||1934.00
00101040|522000| |||||3379.00
00101040|523000| |||||6353.00
00101040|524000| |||||55.00
00101040|535000| |||||10400.00
00101040|541000| |||||1000.00
00101040|544000| |||||5000.00
00101040|552000| |||||21000.00
00101050|510000| |||||65856.00
00101050|541000| |||||3000.00
00101050|552000| |||||1200.00
00101060|531000| |||||121878.00
00101060|534000| |||||500.00
00101060|540000| |||||1000.00
00101060|541000| |||||9000.00
00101060|546000| |||||7708.00
00101060|551000| |||||13000.00
00101060|552000| |||||0.00
00101060|554000| |||||32350.00
00101060|564000| |||||0.00
00101061|541000| |||||18000.00
00101061|546000| |||||214293.00
00101061|552000| |||||22540.00
00101062|541000| |||||11360.00
00101062|546000| |||||43403.00
00101062|552000| |||||216648.00
00101070|531000| |||||881930.00
00101070|531000|10345|||||0.00
00101080|510000| |||||4098584.00
00101080|523000| |||||0.00
00101080|524000| |||||25000.00
00101080|530000| |||||697382.00
00101080|541000| |||||0.00
00101080|560000| |||||0.00
00101080|599000| |||||133372.00
00101090|541000| |||||25000.00
00101090|543000| |||||6000.00
00101090|546000| |||||2500.00
00101090|552000| |||||500.00
00101090|554000| |||||2000.00
00101100|541000| |||||10000.00
00101100|543000| |||||12000.00
00101100|552000| |||||3700.00
00101110|510000| |||||1197899.00
00101110|523000| |||||0.00
00101110|524000| |||||864.00
00101110|530000| |||||348682.00
00101110|552000| |||||0.00
00101110|560000| |||||91420.00
00101110|599000| |||||25000.00
00101130|512000| |||||7508920.00
00101130|524000| |||||4000.00
00101130|541000| |||||25000.00
00101130|542000| |||||160000.00
00101130|549000| |||||802080.00
00102000|512000| |||||1429186.00
00102000|512007| |||||0.00
00102000|514000| |||||1000.00
00102000|521000| |||||106573.00
00102000|522000| |||||270237.00
00102000|523000| |||||250676.00
00102000|524000| |||||3367.00
00102000|540000| |||||35000.00
00102000|541000| |||||15000.00
00102000|544000| |||||8000.00
00102000|546000| |||||10000.00
00102000|546001| |||||2000.00
00102000|548000| |||||5000.00
00102000|549000| |||||1000.00
00102000|551000| |||||1000.00
00102000|552000| |||||20000.00
00102000|552002| |||||7000.00
00102000|554000| |||||20000.00
00102000|555000| |||||10000.00
00102000|564000| |||||65000.00
00102011|582000|10257|||||421444.00
00102012|581000| |||||726897.00
00102012|581000|10255|||||1724397.00
00102012|581000|10259|||||1243475.00
00102012|581000|10260|||||100000.00
00102012|581000|10732|||||68768.00
00102012|581000|10760|||||186119.00
00102013|531000|10246|||||75000.00
00102013|531000|10247|||||50000.00
00102013|531000|10248|||||50000.00
00102014|583000| |||||50000.00
00102014|583000|10261|||||268500.00
00102016|582000|10251|||||98100.00
00102017|582000|10253|||||42000.00
00102019|581000|10277|||||175000.00
00102019|581000|10278|||||175000.00
00102030|512000| |||||2601687.00
00102030|512007| |||||0.00
00102030|513000| |||||416000.00
00102030|514000| |||||2000.00
00102030|521000| |||||196200.00
00102030|522000| |||||359924.00
00102030|523000| |||||645979.00
00102030|524000| |||||38954.00
00102030|531000| |||||87600.00
00102030|540000| |||||4000.00
00102030|541000| |||||46000.00
00102030|542000| |||||13000.00
00102030|544000| |||||11000.00
00102030|546000| |||||30000.00
00102030|546001| |||||10000.00
00102030|547000| |||||6000.00
00102030|549000| |||||3000.00
00102030|551000| |||||6000.00
00102030|552000| |||||178000.00
00102030|552002| |||||94000.00
00102030|554000| |||||19510.00
00102030|555000| |||||43000.00
00102030|564000| |||||148800.00
00103000|512000| |||||714202.00
00103000|512007| |||||0.00
00103000|521000| |||||57614.00
00103000|522000| |||||158912.00
00103000|523000| |||||121433.00
00103000|524000| |||||764.00
00103000|531000| |||||650000.00
00103000|533000| |||||10000.00
00103000|540000| |||||10000.00
00103000|541000| |||||5500.00
00103000|542000| |||||500.00
00103000|544000| |||||10000.00
00103000|546000| |||||10000.00
00103000|551000| |||||5000.00
00103000|552000| |||||15000.00
00103000|552002| |||||1000.00
00103000|554000| |||||18000.00
00103000|555000| |||||15000.00
00104000|512000| |||||2980561.00
00104000|512000|10639|||||426726.00
00104000|512007| |||||0.00
00104000|513000| |||||40000.00
00104000|521000| |||||228013.00
00104000|521000|10639|||||33640.00
00104000|522000| |||||408982.00
00104000|522000|10639|||||59898.00
00104000|523000| |||||663802.00
00104000|523000|10639|||||113745.00
00104000|524000| |||||3251.00
00104000|524000|10639|||||2468.00
00104000|531000| |||||542000.00
00104000|534000|10639|||||710000.00
00104000|540000| |||||44000.00
00104000|541000| |||||23200.00
00104000|542000| |||||24000.00
00104000|542000|10639|||||20000.00
00104000|544000| |||||46000.00
00104000|544000|10639|||||16000.00
00104000|546000| |||||42500.00
00104000|549000| |||||40000.00
00104000|551000| |||||10000.00
00104000|551000|10639|||||10000.00
00104000|552000| |||||257825.00
00104000|552000|10639|||||23000.00
00104000|552002| |||||15000.00
00104000|554000| |||||19700.00
00104000|555000| |||||14800.00
00104000|555000|10639|||||20000.00
00104000|562000|10639|||||100000.00
00104000|564000| |||||60000.00
00104000|564000|10639|||||49000.00
00105000|512000| |||||477520.00
00105000|512007| |||||0.00
00105000|521000| |||||36531.00
00105000|522000| |||||65045.00
00105000|523000| |||||102599.00
00105000|524000| |||||526.00
00105000|540000| |||||10000.00
00105000|541000| |||||5000.00
00105000|544000| |||||4500.00
00105000|546000| |||||4000.00
00105000|551000| |||||300.00
00105000|552000| |||||42300.00
00105000|554000| |||||78825.00
00105000|555000| |||||12000.00
00106000|512000| |||||836015.00
00106000|512007| |||||0.00
00106000|521000| |||||63956.00
00106000|522000| |||||140993.00
00106000|523000| |||||214499.00
00106000|524000| |||||920.00
00106000|531000| |||||29600.00
00106000|540000| |||||10653.00
00106000|541000| |||||9000.00
00106000|542000| |||||1000.00
00106000|544000| |||||5000.00
00106000|546000| |||||2000.00
00106000|551000| |||||1800.00
00106000|552000| |||||32000.00
00106000|552002| |||||2000.00
00106000|554000| |||||2500.00
00106000|555000| |||||14000.00
00106000|555001| |||||30000.00
00106000|564000| |||||31000.00
00107000|512000| |||||721014.00
00107000|512007| |||||0.00
00107000|521000| |||||53638.00
00107000|522000| |||||141247.00
00107000|523000| |||||100487.00
00107000|524000| |||||890.00
00107000|531000| |||||0.00
00107000|540000| |||||12000.00
00107000|541000| |||||5000.00
00107000|542000| |||||250.00
00107000|544000| |||||3500.00
00107000|546000| |||||2000.00
00107000|552000| |||||10000.00
00107000|552002| |||||1000.00
00107000|554000| |||||20000.00
00107000|555000| |||||4000.00
00107020|512000| |||||628649.00
00107020|512007| |||||0.00
00107020|521000| |||||49513.00
00107020|522000| |||||88161.00
00107020|523000| |||||120112.00
00107020|524000| |||||2564.00
00107020|540000| |||||15000.00
00107020|541000| |||||5000.00
00107020|544000| |||||15000.00
00107020|546000| |||||2000.00
00107020|546001| |||||500.00
00107020|551000| |||||1500.00
00107020|552000| |||||20000.00
00107020|552002| |||||1500.00
00107020|554000| |||||67000.00
00107020|555000| |||||10000.00
00107020|562000| |||||50000.00
00108000|512000| |||||1122091.00
00108000|512007| |||||0.00
00108000|521000| |||||85458.00
00108000|522000| |||||137559.00
00108000|523000| |||||279318.00
00108000|524000| |||||1229.00
00108000|540000| |||||9000.00
00108000|541000| |||||65000.00
00108000|542000| |||||2000.00
00108000|543000| |||||44000.00
00108000|544000| |||||16500.00
00108000|546000| |||||5000.00
00108000|547000| |||||3000.00
00108000|548000| |||||3000.00
00108000|549000| |||||500.00
00108000|551000| |||||3000.00
00108000|552000| |||||100000.00
00108000|552002| |||||5000.00
00108000|554000| |||||120000.00
00108000|555000| |||||4000.00
00108000|566000| |||||150000.00
00109000|512000| |||||219447.00
00109000|512007| |||||0.00
00109000|521000| |||||16788.00
00109000|522000| |||||29892.00
00109000|523000| |||||60259.00
00109000|524000| |||||3141.00
00109000|531000| |||||7000.00
00109000|534000| |||||12000.00
00109000|540000| |||||500.00
00109000|541000| |||||3000.00
00109000|542000| |||||1000.00
00109000|544000| |||||2800.00
00109000|547000| |||||2000.00
00109000|551000| |||||3250.00
00109000|552000| |||||8000.00
00109000|554000| |||||1500.00
00110000|512000| |||||206356.00
00110000|512007| |||||0.00
00110000|514000| |||||480.00
00110000|521000| |||||15787.00
00110000|522000| |||||28109.00
00110000|523000| |||||47765.00
00110000|524000| |||||227.00
00110000|540000| |||||4500.00
00110000|541000| |||||1500.00
00110000|542000| |||||150.00
00110000|544000| |||||2000.00
00110000|551000| |||||500.00
00110000|552000| |||||3276.00
00110000|554000| |||||4500.00
00110000|555000| |||||1500.00
00111000|581000| |||||32790.00
00111001|512000| |||||475627.00
00111001|512007| |||||0.00
00111001|514000| |||||0.00
00111001|521000| |||||36937.00
00111001|522000| |||||101526.00
00111001|523000| |||||89904.00
00111001|524000| |||||532.00
00111001|540000| |||||25000.00
00111001|541000| |||||51200.00
00111001|542000| |||||400.00
00111001|544000| |||||5000.00
00111001|546000| |||||23000.00
00111001|547000| |||||3000.00
00111001|552000| |||||16729.00
00111001|552002| |||||15000.00
00111001|554000| |||||38600.00
00111001|555000| |||||5000.00
00111001|564000| |||||25000.00
00111002|534000| |||||947284.00
00112000|512000| |||||354525.00
00112000|512007| |||||0.00
00112000|513000| |||||65000.00
00112000|514000| |||||10000.00
00112000|521000| |||||27064.00
00112000|522000| |||||48189.00
00112000|523000| |||||86490.00
00112000|524000| |||||390.00
00112000|534000| |||||50000.00
00112000|541000| |||||4000.00
00112000|544000| |||||10000.00
00112000|545000| |||||8235.00
00112000|546000| |||||1000.00
00112000|551000| |||||500.00
00112000|552000| |||||125000.00
00112000|552002| |||||3000.00
00112000|554000| |||||10000.00
00112000|562000| |||||30000.00
00112010|512000| |||||532806.00
00112010|512007| |||||0.00
00112010|513000| |||||50000.00
00112010|514000| |||||25000.00
00112010|521000| |||||40301.00
00112010|522000| |||||71759.00
00112010|523000| |||||176761.00
00112010|524000| |||||6428.00
00112010|534000| |||||3000.00
00112010|540000| |||||8000.00
00112010|541000| |||||11000.00
00112010|544000| |||||150000.00
00112010|546000| |||||60000.00
00112010|546001| |||||500.00
00112010|549000| |||||20000.00
00112010|551000| |||||1000.00
00112010|552000| |||||295000.00
00112010|552000|10329|||||50000.00
00112010|552000|10330|||||70000.00
00112010|552002| |||||12000.00
00112010|554000| |||||10000.00
00112010|555000| |||||6000.00
00112010|563000| |||||125000.00
00112010|564000| |||||81000.00
00112020|563000| |||||100000.00
00112040|512000| |||||265179.00
00112040|512007| |||||0.00
00112040|514000| |||||5000.00
00112040|521000| |||||19776.00
00112040|522000| |||||32008.00
00112040|523000| |||||60702.00
00112040|524000| |||||2435.00
00112040|540000| |||||400.00
00112040|546000| |||||8000.00
00112040|549000| |||||10000.00
00112040|551000| |||||300.00
00112040|552000| |||||30000.00
00112040|552000|10331|||||100000.00
00112040|552000|10332|||||30000.00
00112040|554000| |||||6000.00
00112040|555000| |||||200.00
00113000|512000| |||||411693.00
00113000|512007| |||||0.00
00113000|521000| |||||31495.00
00113000|522000| |||||42719.00
00113000|523000| |||||28112.00
00113000|524000| |||||905.00
00113000|540000| |||||4000.00
00113000|541000| |||||10000.00
00113000|544000| |||||4000.00
00113000|551000| |||||1500.00
00113000|552000| |||||14895.00
00113000|554000| |||||1000.00
00113000|555000| |||||4000.00
00113000|564000| |||||40000.00
00113000|582000| |||||3000.00
00114000|512000| |||||100076.00
00114000|521000| |||||7608.00
00114000|522000| |||||13547.00
00114000|523000| |||||26425.00
00114000|524000| |||||864.00
00114000|541000| |||||480.00
00114000|552000| |||||1000.00
00117000|512000| |||||3402464.00
00117000|512007| |||||0.00
00117000|513000| |||||225000.00
00117000|514000| |||||61000.00
00117000|521000| |||||259685.00
00117000|522000| |||||459182.00
00117000|523000| |||||934416.00
00117000|524000| |||||86008.00
00117000|534000| |||||210000.00
00117000|540000| |||||1000.00
00117000|541000| |||||44000.00
00117000|543000| |||||1250000.00
00117000|544000| |||||53500.00
00117000|546000| |||||605000.00
00117000|546001| |||||17500.00
00117000|549000| |||||2000.00
00117000|551000| |||||800.00
00117000|552000| |||||700000.00
00117000|552000|10466|||||200000.00
00117000|552002| |||||80000.00
00117000|554000| |||||3750.00
00117000|555000| |||||1000.00
00117000|562000| |||||0.00
00117000|563000| |||||0.00
00117000|564000| |||||316000.00
00119000|512000| |||||316298.00
00119000|512007| |||||0.00
00119000|521000| |||||24197.00
00119000|522000| |||||50185.00
00119000|523000| |||||60803.00
00119000|524000| |||||348.00
00119000|534000| |||||112875.00
00119000|540000| |||||10000.00
00119000|541000| |||||5000.00
00119000|546000| |||||4000.00
00119000|549000| |||||500.00
00119000|552000| |||||29716.00
00119000|552002| |||||4500.00
00119000|554000| |||||2500.00
00119000|555000| |||||8000.00
00119000|564000| |||||20000.00
10116001|512000| |||||8226204.00
10116001|512007| |||||0.00
10116001|513000| |||||156000.00
10116001|514000| |||||260000.00
10116001|521000| |||||649187.00
10116001|522000| |||||1217049.00
10116001|523000| |||||2110061.00
10116001|524000| |||||464599.00
10116001|531000| |||||100000.00
10116001|534000| |||||175000.00
10116001|534001| |||||200000.00
10116001|534002| |||||200000.00
10116001|540000| |||||5000.00
10116001|541000| |||||80000.00
10116001|542000| |||||1500.00
10116001|543000| |||||180000.00
10116001|544000| |||||80000.00
10116001|546000| |||||800000.00
10116001|546001| |||||110000.00
10116001|549000| |||||50000.00
10116001|551000| |||||7000.00
10116001|552000| |||||1350000.00
10116001|552002| |||||300000.00
10116001|553000| |||||2538400.00
10116001|553001| |||||1376000.00
10116001|553002| |||||110000.00
10116001|554000| |||||75000.00
10116001|555000| |||||5000.00
10116001|563000| |||||4500000.00
10116001|564000| |||||2499000.00
10116002|512000| |||||1515351.00
10116002|521000| |||||115933.00
10116002|522000| |||||237325.00
10116002|523000| |||||212454.00
10116002|524000| |||||2055.00
10116002|531000| |||||100000.00
10116002|540000| |||||7500.00
10116002|541000| |||||9000.00
10116002|542000| |||||0.00
10116002|544000| |||||20000.00
10116002|546000| |||||25000.00
10116002|551000| |||||2000.00
10116002|552000| |||||32500.00
10116002|552002| |||||20000.00
10116002|554000| |||||25000.00
10116002|555000| |||||10000.00
10116002|564000| |||||45000.00
10116020|512000| |||||54571.00
10116020|514000| |||||3000.00
10116020|521000| |||||4152.00
10116020|522000| |||||17513.00
10116020|523000| |||||13344.00
10116020|524000| |||||2220.00
10116020|531000| |||||100000.00
10116020|534000| |||||50000.00
10116020|540000| |||||1000.00
10116020|541000| |||||2200.00
10116020|543000| |||||34000.00
10116020|546000| |||||75000.00
10116020|549000| |||||80000.00
10116020|551000| |||||500.00
10116020|552000| |||||20000.00
10116020|552002| |||||2000.00
10116020|554000| |||||500.00
10116020|555000| |||||4000.00
10225010|531000| |||||43225.00
10326000|512000| |||||1573326.00
10326000|512007| |||||0.00
10326000|513000| |||||35000.00
10326000|514000| |||||5000.00
10326000|521000| |||||118982.00
10326000|522000| |||||219552.00
10326000|523000| |||||343453.00
10326000|524000| |||||16888.00
10326000|540000| |||||4000.00
10326000|541000| |||||20000.00
10326000|542000| |||||2500.00
10326000|543000| |||||40000.00
10326000|544000| |||||30000.00
10326000|546000| |||||35000.00
10326000|546001| |||||3000.00
10326000|547000| |||||5000.00
10326000|549006| |||||671740.00
10326000|551000| |||||5000.00
10326000|552000| |||||839559.00
10326000|552002| |||||20000.00
10326000|554000| |||||10000.00
10326000|555000| |||||2000.00
10326000|564000| |||||0.00
10528000|512000| |||||430420.00
10528000|512007| |||||5000.00
10528000|513000| |||||10000.00
10528000|521000| |||||33064.00
10528000|522000| |||||64843.00
10528000|523000| |||||117773.00
10528000|524000| |||||12338.00
10528000|531000| |||||24500.00
10528000|541000| |||||20000.00
10528000|542000| |||||3000.00
10528000|543000| |||||6000.00
10528000|544000| |||||2500.00
10528000|546000| |||||24000.00
10528000|546001| |||||4000.00
10528000|549000| |||||500.00
10528000|549006| |||||264183.00
10528000|551000| |||||1500.00
10528000|552000| |||||252316.00
10528000|552002| |||||45000.00
10528000|554000| |||||15000.00
10528000|564000| |||||91000.00
10629000|534000|10630|||||2000.00
10629000|540000|10630|||||11000.00
10629000|552000|10630|||||45588.00
10629000|555000|10630|||||11000.00
10730000|510000| |||||71254611.00
10730000|523000| |||||12352431.00
10730000|530000| |||||17848864.00
10730000|544000| |||||0.00
10730000|546000| |||||3500000.00
10730000|549005| |||||0.00
10730000|552000| |||||0.00
10730000|560000| |||||9160322.00
10730000|561000| |||||0.00
10730000|562000| |||||0.00
10939001|591000| |||||460000.00
11040000|512000| |||||197530.00
11040000|512007| |||||0.00
11040000|521000| |||||15111.00
11040000|522000| |||||26907.00
11040000|523000| |||||26959.00
11040000|524000| |||||218.00
11040000|531000| |||||250.00
11040000|532000| |||||11500.00
11040000|540000| |||||2500.00
11040000|541000| |||||2000.00
11040000|542000| |||||2500.00
11040000|544000| |||||3000.00
11040000|549000| |||||2000.00
11040000|549001| |||||2600000.00
11040000|549002| |||||25000.00
11040000|549003| |||||50000.00
11040000|549004| |||||6500.00
11040000|551000| |||||1000.00
11040000|552000| |||||6500.00
11040000|552002| |||||500.00
11040000|554000| |||||1000.00
11040000|555000| |||||2000.00
11040010|512000| |||||50047.00
11040010|521000| |||||3829.00
11040010|522000| |||||6818.00
11040010|523000| |||||13331.00
11040010|524000| |||||56.00
11141000|512000| |||||451538.00
11141000|512007| |||||0.00
11141000|521000| |||||35471.00
11141000|522000| |||||63158.00
11141000|523000| |||||80737.00
11141000|524000| |||||511.00
11141000|531000| |||||185000.00
11141000|534000| |||||205000.00
11141000|540000| |||||10000.00
11141000|541000| |||||40000.00
11141000|542000| |||||15000.00
11141000|543000| |||||22000.00
11141000|544000| |||||25000.00
11141000|546000| |||||1000.00
11141000|547000| |||||5000.00
11141000|548000| |||||60000.00
11141000|549000| |||||2500.00
11141000|549006| |||||1054085.00
11141000|549007| |||||800000.00
11141000|551000| |||||2000.00
11141000|552000| |||||45000.00
11141000|552002| |||||5000.00
11141000|554000| |||||122000.00
11141000|555000| |||||10000.00
11141000|564000| |||||50000.00
11141010|512000| |||||3363126.00
11141010|521000| |||||260117.00
11141010|522000| |||||423755.00
11141010|523000| |||||879831.00
11141010|524000| |||||64870.00
11141010|531000| |||||200000.00
11141010|534000| |||||2186625.00
11141010|540000| |||||7875.00
11141010|541000| |||||114150.00
11141010|542000| |||||3150.00
11141010|543000| |||||273000.00
11141010|544000| |||||70350.00
11141010|546000| |||||656250.00
11141010|546001| |||||42000.00
11141010|546002| |||||225000.00
11141010|547000| |||||65625.00
11141010|549000| |||||13125.00
11141010|549006| |||||833992.00
11141010|551000| |||||30000.00
11141010|552000| |||||1115259.00
11141010|552002| |||||173250.00
11141010|554000| |||||51525.00
11141010|555000| |||||44625.00
11141010|563000|10439|||||0.00
11141010|563000|10724|||||0.00
11141010|563000|10725|||||0.00
11141010|563000|10726|||||600000.00
11141010|564000| |||||1302500.00
11141020|531000| |||||250000.00
11141020|563000| |||||10750000.00
11141030|512000| |||||594463.00
11141030|521000| |||||45706.00
11141030|522000| |||||81381.00
11141030|523000| |||||141779.00
11141030|524000| |||||658.00
11141030|531000| |||||62750.00
11141030|540000| |||||47500.00
11141030|542000| |||||2000.00
11141030|547000| |||||10000.00
11141030|548000| |||||325500.00
11141030|548000|10655|||||137438.00
11141030|548000|13500|||||300000.00
11141030|549000| |||||5000.00
11141030|549006| |||||126725.00
11141030|552000| |||||6000.00
11141030|554000| |||||34600.00
11141030|555000| |||||28500.00
11141040|512000| |||||345444.00
11141040|521000| |||||26050.00
11141040|522000| |||||46383.00
11141040|523000| |||||97617.00
11141040|524000| |||||375.00
11141040|534000| |||||26900.00
11141040|540000| |||||22100.00
11141040|542000| |||||250.00
11141040|547000| |||||26503.00
11141040|548000| |||||258436.00
11141040|549000| |||||13250.00
11141040|549006| |||||57192.00
11141040|551000| |||||100.00
11141040|552000| |||||9500.00
11141040|554000| |||||11400.00
11141040|555000| |||||8500.00
11141050|534000|10284|||||2245000.00
11141050|534000|10622|||||3050000.00
11141060|512000| |||||286289.00
11141060|521000| |||||21902.00
11141060|522000| |||||38997.00
11141060|523000| |||||60639.00
11141060|524000| |||||315.00
11141060|534000| |||||520200.00
11141060|534000|10655|||||658448.00
11141060|540000| |||||54300.00
11141060|542000| |||||22984.00
11141060|548000| |||||320000.00
11141060|548000|10655|||||11292699.00
11141060|548000|10656|||||642450.00
11141060|549006| |||||224827.00
11141060|551000| |||||600.00
11141060|552000| |||||6000.00
11141060|554000| |||||338800.00
11141060|555000| |||||13000.00
11141070|548000|10655|||||0.00
11141080|534000|10629|||||3380779.00
11141090|512000| |||||2411040.00
11141090|512007| |||||0.00
11141090|514000| |||||5000.00
11141090|521000| |||||190080.00
11141090|522000| |||||338450.00
11141090|523000| |||||763649.00
11141090|524000| |||||105086.00
11141090|541000| |||||14500.00
11141090|546000| |||||40000.00
11141090|546001| |||||60000.00
11141090|546002| |||||140000.00
11141090|548000| |||||25000.00
11141090|549006| |||||177166.00
11141090|551000| |||||15000.00
11141090|552000| |||||290250.00
11141090|552002| |||||160000.00
11141090|563000|10400|||||0.00
11141090|564000| |||||507000.00
11141100|548000| |||||98933.00
11141100|548000|10655|||||251065.00
11141100|549006| |||||5502.00
11242000|512000| |||||1549338.00
11242000|512007| |||||0.00
11242000|514000| |||||50000.00
11242000|521000| |||||116991.00
11242000|522000| |||||227966.00
11242000|523000| |||||395985.00
11242000|524000| |||||36995.00
11242000|531000| |||||200000.00
11242000|532000| |||||7100.00
11242000|534000| |||||17000000.00
11242000|540000| |||||10000.00
11242000|541000| |||||16000.00
11242000|542000| |||||1000.00
11242000|543000| |||||50000.00
11242000|544000| |||||7000.00
11242000|546000| |||||300000.00
11242000|546001| |||||110000.00
11242000|547000| |||||4000.00
11242000|549006| |||||697192.00
11242000|551000| |||||5000.00
11242000|552000| |||||300000.00
11242000|552002| |||||225000.00
11242000|554000| |||||10000.00
11242000|555000| |||||10000.00
11242000|564000| |||||1790000.00
11242001|591000| |||||17581997.00
11444000|563000| |||||600000.00
11545000|563000| |||||300000.00
30047000|571000| |||||2312780.00
30047000|572000| |||||269217.00
30047030|563000| |||||25035734.00
50350000|531000| |||||0.00
50350000|534000| |||||20626947.00
50350000|549000| |||||2300000.00
50350000|590000| |||||0.00
